{
    "sources": [
        {
            "type": "single",
            "resource": "hmcwraps:fire_pickaxe"
        },
        {
            "type": "single",
            "resource": "hmcwraps:fire_pickaxe_wrap"
        },
        {
            "type": "single",
            "resource": "hmcwraps:fire_sword"
        },
        {
            "type": "single",
            "resource": "hmcwraps:fire_sword_wrap"
        },
        {
            "type": "single",
            "resource": "hmcwraps:silver_axe"
        },
        {
            "type": "single",
            "resource": "hmcwraps:silver_hoe"
        },
        {
            "type": "single",
            "resource": "hmcwraps:silver_pickaxe"
        },
        {
            "type": "single",
            "resource": "hmcwraps:silver_shovel"
        },
        {
            "type": "single",
            "resource": "hmcwraps:silver_sword"
        },
        {
            "type": "single",
            "resource": "hmcwraps:unwrapper"
        }
    ]
}